Name,Address,Email,MemberID
tikou,nektariou3,tikou@gmail.com,1234
sofi,london,sofi@gmail.com,2345
nick,london,nivk@gmail.com,3297
nasta,london,nasta@gmail.com,9520
miki,athens,mikki@gmail.com,3733
micheal,london,micheal@gmail.com,3645
james,london,james@gmail.com,3160
florin,london,florin@gmail.com,7493
john,athens,john@gmail.com,1725
